{"init_params": {"cat_dims": [], "cat_emb_dim": [], "cat_idxs": [], "clip_value": 1, "device_name": "auto", "epsilon": 1e-15, "gamma": 1.6140976715432025, "grouped_features": [], "input_dim": 14, "lambda_sparse": 1.0323924031963697e-06, "mask_type": "entmax", "momentum": 0.02, "n_a": 89, "n_d": 27, "n_indep_decoder": 1, "n_independent": 2, "n_shared": 2, "n_shared_decoder": 1, "n_steps": 6, "optimizer_params": {"lr": 0.02}, "output_dim": 1, "scheduler_fn": null, "scheduler_params": {}, "seed": 0, "verbose": 1}, "class_attrs": {"preds_mapper": null}}